{
    "s1_0": {
        "min": 0.0,
        "max": 0.0,
        "mean": 0.0,
        "median": 0.0,
        "std": 0.0
    },
    "s1_1": {
        "min": 0.0,
        "max": 0.0,
        "mean": 0.0,
        "median": 0.0,
        "std": 0.0
    },
    "s1_2": {
        "min": 0.0,
        "max": 0.0,
        "mean": 0.0,
        "median": 0.0,
        "std": 0.0
    },
    "s1_3": {
        "min": 0.0,
        "max": 0.0,
        "mean": 0.0,
        "median": 0.0,
        "std": 0.0
    },
    "s1_4": {
        "min": -0.20464707395986945,
        "max": 59.60239936677613,
        "mean": -4.359446068508342e-06,
        "median": -0.10653022696506735,
        "std": 0.9980950731091506
    },
    "s1_5": {
        "min": -0.21972992443769626,
        "max": 28.231829800641894,
        "mean": 0.0007151568068770526,
        "median": -0.1439192661019596,
        "std": 1.0013956897383816
    },
    "s1_6": {
        "min": -48.078859553630366,
        "max": 48.08242271370232,
        "mean": 9.472343566842322e-06,
        "median": 0.0017766996999531062,
        "std": 0.9981745157009585
    },
    "s1_7": {
        "min": -47.987012006836714,
        "max": 47.97411968837358,
        "mean": 9.613445482716833e-05,
        "median": -0.006447450322469346,
        "std": 0.9970631957003502
    },
    "s2_0": {
        "min": -3.2562453928765187,
        "max": 66.58164067982659,
        "mean": 0.009122398857450134,
        "median": -0.15583136421942417,
        "std": 0.9902485447039673
    },
    "s2_1": {
        "min": -2.407409284593001,
        "max": 54.427070932680635,
        "mean": 0.01045831507725987,
        "median": -0.17454638809666204,
        "std": 0.987219910797703
    },
    "s2_2": {
        "min": -1.6788879268677694,
        "max": 38.87138900154332,
        "mean": 0.013037532938573609,
        "median": -0.18426719790886928,
        "std": 0.9859605102637451
    },
    "s2_3": {
        "min": -1.968921053449878,
        "max": 41.018911351416804,
        "mean": 0.012256436918441714,
        "median": -0.14340825908627608,
        "std": 0.9837074914582773
    },
    "s2_4": {
        "min": -2.391501172913746,
        "max": 37.16321773863975,
        "mean": 0.006673096402135911,
        "median": -0.030847745962573076,
        "std": 0.9796358227883267
    },
    "s2_5": {
        "min": -2.3558966816117164,
        "max": 32.21032979945322,
        "mean": 0.005347501949846603,
        "median": -0.02893204046292149,
        "std": 0.9793070658413715
    },
    "s2_6": {
        "min": -2.222381504815123,
        "max": 31.713632017620363,
        "mean": 0.005013526756541787,
        "median": -0.022600628271536936,
        "std": 0.9808077627485942
    },
    "s2_7": {
        "min": -2.2907202077277096,
        "max": 29.00820417340546,
        "mean": 0.005274004417600256,
        "median": -0.015166356849722685,
        "std": 0.9797023908805024
    },
    "s2_8": {
        "min": -1.787381968290199,
        "max": 26.185231604145823,
        "mean": 0.016646561878527612,
        "median": -0.07799442507658287,
        "std": 0.9877922661834967
    },
    "s2_9": {
        "min": -1.4614754075336602,
        "max": 29.644225756844826,
        "mean": 0.018832931201559634,
        "median": -0.14832355295687633,
        "std": 0.9916968479994864
    }
}