{
    "s1_4": {
        "min": -0.20464707395986945,
        "max": 59.60239936677613,
        "mean": -9.013266610692956e-17,
        "median": -0.10654477681043029,
        "std": 1.0000000000000016
    },
    "s1_5": {
        "min": -0.21972992443769626,
        "max": 28.231829800641894,
        "mean": -6.2425561208689265e-15,
        "median": -0.14394020443421893,
        "std": 0.9999999999999987
    },
    "s1_6": {
        "min": -48.078859553630366,
        "max": 48.08242271370232,
        "mean": -9.06775266839339e-19,
        "median": 0.0017815800359799,
        "std": 0.9999999999999982
    },
    "s1_7": {
        "min": -47.987012006836714,
        "max": 47.97411968837358,
        "mean": -2.893975252660002e-17,
        "median": -0.006446159231564653,
        "std": 0.9999999999999986
    },
    "s2_0": {
        "min": -3.2562453928765187,
        "max": 66.58164067982659,
        "mean": 0.008697359458437094,
        "median": -0.15583136421942417,
        "std": 0.9909329137046328
    },
    "s2_1": {
        "min": -2.407409284593001,
        "max": 54.427070932680635,
        "mean": 0.00993971466194733,
        "median": -0.17454638809666204,
        "std": 0.9875248608865569
    },
    "s2_2": {
        "min": -1.6788879268677694,
        "max": 38.87138900154332,
        "mean": 0.012487883669486312,
        "median": -0.1857154738090233,
        "std": 0.9862552948901155
    },
    "s2_3": {
        "min": -1.968921053449878,
        "max": 41.018911351416804,
        "mean": 0.011742687622765523,
        "median": -0.14494359364839834,
        "std": 0.9840919545067788
    },
    "s2_4": {
        "min": -2.391501172913746,
        "max": 37.16321773863975,
        "mean": 0.00574004518856058,
        "median": -0.03226046494937793,
        "std": 0.980484812636313
    },
    "s2_5": {
        "min": -2.3558966816117164,
        "max": 32.21032979945322,
        "mean": 0.004280103827638437,
        "median": -0.031400968464140096,
        "std": 0.9800001176967164
    },
    "s2_6": {
        "min": -2.222381504815123,
        "max": 31.714844018103303,
        "mean": 0.004258014502632507,
        "median": -0.02381262875448126,
        "std": 0.9817023046422835
    },
    "s2_7": {
        "min": -2.2907202077277096,
        "max": 29.00820417340546,
        "mean": 0.0043186364814963825,
        "median": -0.017401674974357313,
        "std": 0.9802626609284902
    },
    "s2_8": {
        "min": -1.787381968290199,
        "max": 26.185231604145823,
        "mean": 0.01601093312894281,
        "median": -0.0789934826705124,
        "std": 0.9881281225454099
    },
    "s2_9": {
        "min": -1.4614754075336602,
        "max": 29.644225756844826,
        "mean": 0.018428993620303535,
        "median": -0.14943451053266044,
        "std": 0.9916752130063298
    }
}