{
    "s1_4": {
        "min": 3.483956243144348e-05,
        "max": 10867.4296875,
        "mean": 0.06368793855749558,
        "median": 0.02649012114852667,
        "std": 5.3672441129514175
    },
    "s1_5": {
        "min": 0.00041964103002101183,
        "max": 12702.134765625,
        "mean": 0.3511468183759766,
        "median": 0.09938090294599533,
        "std": 12.350408504877905
    },
    "s1_6": {
        "min": -5006.98095703125,
        "max": 7875.36865234375,
        "mean": -0.0010386719879853757,
        "median": 6.606253009522334e-05,
        "std": 4.38314501593976
    },
    "s1_7": {
        "min": -1925.089111328125,
        "max": 5448.8623046875,
        "mean": 0.0032773200616360723,
        "median": 0.00015715292829554528,
        "std": 2.6951173918617153
    },
    "s2_0": {
        "min": 0.0001,
        "max": 2.8,
        "mean": 0.13099619011013694,
        "median": 0.1244,
        "std": 0.03972790731657117
    },
    "s2_1": {
        "min": 0.0001,
        "max": 2.8,
        "mean": 0.11918854338315574,
        "median": 0.1101,
        "std": 0.048649531893772996
    },
    "s2_2": {
        "min": 0.0001,
        "max": 2.8,
        "mean": 0.1168854695612516,
        "median": 0.1032,
        "std": 0.06809857809449596
    },
    "s2_3": {
        "min": 0.0001,
        "max": 2.8,
        "mean": 0.12910535101187043,
        "median": 0.1189,
        "std": 0.06409625490006321
    },
    "s2_4": {
        "min": 0.0001,
        "max": 2.8,
        "mean": 0.16978988457668298,
        "median": 0.1671,
        "std": 0.06940409393475809
    },
    "s2_5": {
        "min": 0.0001,
        "max": 2.8002,
        "mean": 0.1912904101111225,
        "median": 0.1884,
        "std": 0.07938669067813259
    },
    "s2_6": {
        "min": 0.0001,
        "max": 2.8002,
        "mean": 0.18381605875180237,
        "median": 0.1815,
        "std": 0.080998507711613
    },
    "s2_7": {
        "min": 0.0001,
        "max": 2.8005,
        "mean": 0.20544337541636506,
        "median": 0.2035,
        "std": 0.08770676979937651
    },
    "s2_8": {
        "min": 0.0001,
        "max": 2.8,
        "mean": 0.18060940329934022,
        "median": 0.1711,
        "std": 0.09890602188996529
    },
    "s2_9": {
        "min": 0.0001,
        "max": 2.8,
        "mean": 0.13330980327349504,
        "median": 0.1182,
        "std": 0.08926310370640674
    }
}