{
    "s1_4": {
        "min": 3.483956243144348e-05,
        "max": 16.128222460002778,
        "mean": 0.055222089246622474,
        "median": 0.02649012114852667,
        "std": 0.26967035793051725
    },
    "s1_5": {
        "min": 0.00041964103002101183,
        "max": 37.15060641757971,
        "mean": 0.287328612353024,
        "median": 0.09938090294599533,
        "std": 1.305734628804986
    },
    "s1_6": {
        "min": -13.149368985289183,
        "max": 13.149501110349373,
        "mean": -0.0004211766250666588,
        "median": 6.606253009522334e-05,
        "std": 0.27348709871116855
    },
    "s1_7": {
        "min": -8.085195022656851,
        "max": 8.085509328513442,
        "mean": 0.0012434149730709298,
        "median": 0.00015715292829554528,
        "std": 0.16851306425325768
    },
    "s2_0": {
        "min": 0.0001,
        "max": 2.8,
        "mean": 0.1306475006219941,
        "median": 0.1237,
        "std": 0.04009141967849984
    },
    "s2_1": {
        "min": 0.0001,
        "max": 2.8,
        "mean": 0.11869887220158495,
        "median": 0.109,
        "std": 0.049264108500618076
    },
    "s2_2": {
        "min": 0.0001,
        "max": 2.8,
        "mean": 0.11602321094960422,
        "median": 0.1012,
        "std": 0.06904761723188829
    },
    "s2_3": {
        "min": 0.0001,
        "max": 2.8,
        "mean": 0.1283405217744872,
        "median": 0.1174,
        "std": 0.06513238382503374
    },
    "s2_4": {
        "min": 0.0001,
        "max": 2.8,
        "mean": 0.16938357268860227,
        "median": 0.1665,
        "std": 0.0707854859558155
    },
    "s2_5": {
        "min": 0.0001,
        "max": 2.8002,
        "mean": 0.19094369252150228,
        "median": 0.1879,
        "std": 0.08100681749377153
    },
    "s2_6": {
        "min": 0.0001,
        "max": 2.8001,
        "mean": 0.1834647375631928,
        "median": 0.181,
        "std": 0.08250821794813608
    },
    "s2_7": {
        "min": 0.0001,
        "max": 2.8005,
        "mean": 0.20505697524952535,
        "median": 0.2031,
        "std": 0.08947272327633299
    },
    "s2_8": {
        "min": 0.0001,
        "max": 2.8,
        "mean": 0.17900679968306968,
        "median": 0.1686,
        "std": 0.10009432950373282
    },
    "s2_9": {
        "min": 0.0001,
        "max": 2.8,
        "mean": 0.13165096462636694,
        "median": 0.1155,
        "std": 0.09001243808020568
    }
}