{
    "s1_4": {
        "min": 0.0,
        "max": 1.0,
        "mean": 0.003421788671049961,
        "median": 0.0016403133575012888,
        "std": 0.016720437799765283
    },
    "s1_5": {
        "min": 0.0,
        "max": 1.0,
        "mean": 0.00772294828687377,
        "median": 0.0026638159993973877,
        "std": 0.03514745798341992
    },
    "s1_6": {
        "min": 0.0,
        "max": 1.0,
        "mean": 0.49998147300042,
        "median": 0.5,
        "std": 0.010399195772160693
    },
    "s1_7": {
        "min": 0.0,
        "max": 1.0,
        "mean": 0.5000671746895624,
        "median": 0.5,
        "std": 0.010420885855912745
    },
    "s2_0": {
        "min": 0.0,
        "max": 1.0,
        "mean": 0.04675030897894095,
        "median": 0.044394442658666385,
        "std": 0.014189045078956776
    },
    "s2_1": {
        "min": 0.0,
        "max": 1.0,
        "mean": 0.04253314167761589,
        "median": 0.0392871173970499,
        "std": 0.01737545337111078
    },
    "s2_2": {
        "min": 0.0,
        "max": 1.0,
        "mean": 0.04171058593565895,
        "median": 0.03682274366941677,
        "std": 0.02432178938336937
    },
    "s2_3": {
        "min": 0.0,
        "max": 1.0,
        "mean": 0.046074985182281626,
        "median": 0.042430086788813895,
        "std": 0.022892337190636554
    },
    "s2_4": {
        "min": 0.0,
        "max": 1.0,
        "mean": 0.06060569469505446,
        "median": 0.05964498732097576,
        "std": 0.024788061693188392
    },
    "s2_5": {
        "min": 0.0,
        "max": 1.0,
        "mean": 0.06827985075930208,
        "median": 0.06724759830006073,
        "std": 0.028351376978726698
    },
    "s2_6": {
        "min": 0.0,
        "max": 1.0000357142857141,
        "mean": 0.06561287812564368,
        "median": 0.0647857142857143,
        "std": 0.028928038468433313
    },
    "s2_7": {
        "min": 0.0,
        "max": 1.0,
        "mean": 0.07332644458518987,
        "median": 0.07263248107413227,
        "std": 0.03131937216089719
    },
    "s2_8": {
        "min": 0.0,
        "max": 1.0,
        "mean": 0.06446994653356918,
        "median": 0.06107360977177757,
        "std": 0.03532484084787503
    },
    "s2_9": {
        "min": 0.0,
        "max": 1.0,
        "mean": 0.047576628905851945,
        "median": 0.04218007785992357,
        "std": 0.03188081849580592
    }
}